{"fetched_at": 1783947148.1005602, "ephs": {"1": {"prn": 1, "toc_gps": 1467849600, "af0": 0.0002248142845929, "af1": -9.777068044059e-12, "af2": 0.0, "iode": 97.0, "crs": 76.03125, "delta_n": 4.605191824724e-09, "m0": 2.699735235152, "cuc": 4.010275006294e-06, "e": 0.00180189916864, "cus": -2.644956111908e-07, "sqrt_a": 5153.60565567, "toe": 0.0, "cic": -3.352761268616e-08, "omega0": 0.7562041614301, "cis": -6.705522537231e-08, "i0": 0.9570951573693, "crc": 381.6875, "w": 0.1926092396794, "omega_dot": -8.496425338791e-09, "idot": 2.107230631757e-10, "week": 2427, "ura_m": 2.0, "health": 0, "tgd": -8.847564458847e-09, "iodc": 609.0, "fit_hours": 0.0}, "5": {"prn": 5, "toc_gps": 1467849600, "af0": -0.000235001090914, "af1": -3.410605131648e-13, "af2": 0.0, "iode": 90.0, "crs": -120.28125, "delta_n": 3.998380834325e-09, "m0": -2.143968930786, "cuc": -6.141141057014e-06, "e": 0.005617748131044, "cus": 1.588836312294e-06, "sqrt_a": 5153.77233696, "toe": 0.0, "cic": 1.303851604462e-07, "omega0": 1.686994838975, "cis": 9.313225746155e-09, "i0": 0.9810471127787, "crc": 352.53125, "w": 1.473676836715, "omega_dot": -8.005690612005e-09, "idot": -8.571785620706e-11, "week": 2427, "ura_m": 2.8, "health": 0, "tgd": -1.071020960808e-08, "iodc": 90.0, "fit_hours": 0.0}, "10": {"prn": 10, "toc_gps": 1467849600, "af0": -0.0005673826672137, "af1": 4.774847184308e-12, "af2": 0.0, "iode": 73.0, "crs": -114.0625, "delta_n": 3.781586089668e-09, "m0": -0.351014552045, "cuc": -5.856156349182e-06, "e": 0.01110313809477, "cus": 3.308057785034e-06, "sqrt_a": 5153.654188156, "toe": 0.0, "cic": -2.98023223877e-08, "omega0": 1.745985221373, "cis": 1.490116119385e-07, "i0": 0.9941636947941, "crc": 334.8125, "w": -2.263830763924, "omega_dot": -8.075693527908e-09, "idot": -8.571785620706e-11, "week": 2427, "ura_m": 2.0, "health": 0, "tgd": 2.328306436539e-09, "iodc": 73.0, "fit_hours": 0.0}, "12": {"prn": 12, "toc_gps": 1467849600, "af0": -0.0006058951839805, "af1": 4.547473508865e-13, "af2": 0.0, "iode": 56.0, "crs": -2.75, "delta_n": 4.82020078071e-09, "m0": 0.3258582449382, "cuc": -1.527369022369e-07, "e": 0.008711931295693, "cus": 8.225440979004e-06, "sqrt_a": 5153.700717926, "toe": 0.0, "cic": -1.508742570877e-07, "omega0": -1.340333397169, "cis": -4.656612873077e-08, "i0": 0.9582794890329, "crc": 221.125, "w": 1.587809698327, "omega_dot": -8.110337828125e-09, "idot": -7.353877747097e-10, "week": 2427, "ura_m": 2.0, "health": 0, "tgd": -1.257285475731e-08, "iodc": 56.0, "fit_hours": 0.0}, "18": {"prn": 18, "toc_gps": 1467853184, "af0": -0.0003064731135964, "af1": 9.094947017729e-12, "af2": 0.0, "iode": 155.0, "crs": 104.78125, "delta_n": 4.285178494885e-09, "m0": 2.40565871725, "cuc": 5.368143320084e-06, "e": 0.006256347871386, "cus": 1.367181539536e-06, "sqrt_a": 5153.622797012, "toe": 3584.0, "cic": -1.229345798492e-07, "omega0": 0.7034788968683, "cis": 3.911554813385e-08, "i0": 0.9708507785747, "crc": 358.0625, "w": -2.862062780106, "omega_dot": -8.195698526598e-09, "idot": 1.732215010851e-10, "week": 2427, "ura_m": 2.0, "health": 0, "tgd": -8.381903171539e-09, "iodc": 155.0, "fit_hours": 0.0}, "25": {"prn": 25, "toc_gps": 1467849600, "af0": 0.0004073539748788, "af1": -3.183231456205e-12, "af2": 0.0, "iode": 15.0, "crs": -8.25, "delta_n": 5.232717963707e-09, "m0": 0.2567400777519, "cuc": -3.073364496231e-07, "e": 0.01288212137297, "cus": 7.474794983864e-06, "sqrt_a": 5153.662342072, "toe": 0.0, "cic": -1.750886440277e-07, "omega0": -1.435664143666, "cis": 1.061707735062e-07, "i0": 0.9466481872625, "crc": 228.1875, "w": 1.162200012764, "omega_dot": -8.406778747507e-09, "idot": -6.889572692642e-10, "week": 2427, "ura_m": 2.0, "health": 0, "tgd": 5.587935447693e-09, "iodc": 15.0, "fit_hours": 0.0}, "26": {"prn": 26, "toc_gps": 1467849600, "af0": -0.0003820625133812, "af1": -2.728484105319e-12, "af2": 0.0, "iode": 37.0, "crs": -5.5625, "delta_n": 5.629877364133e-09, "m0": -0.617321602014, "cuc": -2.942979335785e-07, "e": 0.01117046549916, "cus": 6.671994924545e-06, "sqrt_a": 5153.778038025, "toe": 0.0, "cic": 5.029141902924e-08, "omega0": -1.512682668276, "cis": 2.626329660416e-07, "i0": 0.927384351795, "crc": 231.84375, "w": 0.7205172711336, "omega_dot": -8.532855427679e-09, "idot": -6.568130731866e-10, "week": 2427, "ura_m": 2.0, "health": 0, "tgd": 6.519258022308e-09, "iodc": 37.0, "fit_hours": 0.0}, "28": {"prn": 28, "toc_gps": 1467849600, "af0": -0.0004744394682348, "af1": 1.091393642128e-11, "af2": 0.0, "iode": 217.0, "crs": 11.84375, "delta_n": 4.971635660009e-09, "m0": 1.814140950847, "cuc": 7.990747690201e-07, "e": 0.0005184516776353, "cus": 6.793066859245e-06, "sqrt_a": 5153.607715607, "toe": 0.0, "cic": 1.247972249985e-07, "omega0": -2.483540423507, "cis": -3.166496753693e-08, "i0": 0.9620273520264, "crc": 247.625, "w": -0.3580519062991, "omega_dot": -8.082836682592e-09, "idot": 3.932306653499e-10, "week": 2427, "ura_m": 2.0, "health": 0, "tgd": -9.313225746155e-09, "iodc": 217.0, "fit_hours": 0.0}, "29": {"prn": 29, "toc_gps": 1467849600, "af0": -0.0002838233485818, "af1": 7.389644451905e-12, "af2": 0.0, "iode": 87.0, "crs": 121.34375, "delta_n": 4.165173496195e-09, "m0": -2.581757649278, "cuc": 6.243586540222e-06, "e": 0.003676715772599, "cus": 1.023523509502e-05, "sqrt_a": 5153.698360443, "toe": 0.0, "cic": -3.725290298462e-08, "omega0": -0.2909897241814, "cis": 2.421438694e-08, "i0": 0.9604659941896, "crc": 181.53125, "w": 2.858588860226, "omega_dot": -7.744965466042e-09, "idot": -2.492960984689e-10, "week": 2427, "ura_m": 2.8, "health": 0, "tgd": -9.778887033463e-09, "iodc": 87.0, "fit_hours": 0.0}, "31": {"prn": 31, "toc_gps": 1467849600, "af0": -0.0001362231560051, "af1": 2.728484105319e-12, "af2": 0.0, "iode": 70.0, "crs": 10.71875, "delta_n": 5.2023595563e-09, "m0": 0.01701893062106, "cuc": 7.33882188797e-07, "e": 0.01087736699264, "cus": 6.396323442459e-06, "sqrt_a": 5153.617578506, "toe": 0.0, "cic": -5.029141902924e-08, "omega0": -2.434500142794, "cis": 6.891787052155e-08, "i0": 0.9547911462437, "crc": 253.15625, "w": 0.9717304677887, "omega_dot": -8.342847513086e-09, "idot": 3.042983895351e-10, "week": 2427, "ura_m": 2.0, "health": 0, "tgd": -1.350417733192e-08, "iodc": 70.0, "fit_hours": 0.0}, "32": {"prn": 32, "toc_gps": 1467849600, "af0": 0.0001587527804077, "af1": 2.046363078989e-11, "af2": 0.0, "iode": 96.0, "crs": -85.40625, "delta_n": 4.104813839116e-09, "m0": -1.795869496099, "cuc": -4.375353455544e-06, "e": 0.009435839368962, "cus": 1.105293631554e-05, "sqrt_a": 5153.574913025, "toe": 0.0, "cic": 1.806765794754e-07, "omega0": 2.769163994476, "cis": 9.313225746155e-09, "i0": 0.9697375856915, "crc": 167.46875, "w": -1.971979000635, "omega_dot": -7.519598935764e-09, "idot": 4.678766317969e-10, "week": 2427, "ura_m": 2.0, "health": 0, "tgd": 9.313225746155e-10, "iodc": 96.0, "fit_hours": 0.0}}}